"Status","Start Time","Stop Time","Duration in ms","Parent Suite","Suite","Sub Suite","Test Class","Test Method","Name","Description"
"passed","Sat May 17 16:06:20 MSK 2025","Sat May 17 16:06:27 MSK 2025","7035","","HomeNavigationTest","","HomeNavigationTest","testNavigateToSauceSection[Browser: chrome]","testNavigateToSauceSection[Browser: chrome]","Переход к разделу 'Соусы'"
"passed","Sat May 17 16:07:34 MSK 2025","Sat May 17 16:07:46 MSK 2025","12293","","LoginTests","","LoginTests","loginViaPersonalAccountButton[Browser: chrome]","loginViaPersonalAccountButton[Browser: chrome]","Вход в систему через кнопку «Личный кабинет» на главной странице"
"passed","Sat May 17 16:09:04 MSK 2025","Sat May 17 16:09:13 MSK 2025","9047","","ProfileNavigationTest","","ProfileNavigationTest","logoutFromProfile[Browser: chrome]","logoutFromProfile[Browser: chrome]","Выход из аккаунта через кнопку 'Выйти' в личном кабинете"
"passed","Sat May 17 16:05:59 MSK 2025","Sat May 17 16:06:09 MSK 2025","9820","","HomeNavigationTest","","HomeNavigationTest","testNavigateToFillingSection[Browser: chrome]","testNavigateToFillingSection[Browser: chrome]","Переход к разделу 'Начинки'"
"passed","Sat May 17 16:08:17 MSK 2025","Sat May 17 16:08:33 MSK 2025","15992","","LoginTests","","LoginTests","loginViaPersonalAccountButton[Browser: yandex]","loginViaPersonalAccountButton[Browser: yandex]","Вход в систему через кнопку «Личный кабинет» на главной странице"
"passed","Sat May 17 16:08:33 MSK 2025","Sat May 17 16:08:46 MSK 2025","13181","","LoginTests","","LoginTests","loginViaMainLoginButton[Browser: yandex]","loginViaMainLoginButton[Browser: yandex]","Вход в систему через кнопку «Войти в аккаунт» на главной странице"
"passed","Sat May 17 16:10:11 MSK 2025","Sat May 17 16:10:29 MSK 2025","18012","","RegisterTests","","RegisterTests","registerNewUser[Browser: yandex]","registerNewUser[Browser: yandex]","Регистрация пользователя с уникальными данными"
"passed","Sat May 17 16:07:53 MSK 2025","Sat May 17 16:08:04 MSK 2025","10545","","LoginTests","","LoginTests","loginViaForgotPasswordPage[Browser: chrome]","loginViaForgotPasswordPage[Browser: chrome]","Вход в систему через кнопку «Войти» на странице восстановления пароля"
"passed","Sat May 17 16:08:58 MSK 2025","Sat May 17 16:09:04 MSK 2025","6655","","ProfileNavigationTest","","ProfileNavigationTest","navigateFromProfileToConstructorViaLogo[Browser: chrome]","navigateFromProfileToConstructorViaLogo[Browser: chrome]","Переход из профиля в конструктор через клик по логотипу"
"passed","Sat May 17 16:06:58 MSK 2025","Sat May 17 16:07:11 MSK 2025","12391","","HomeNavigationTest","","HomeNavigationTest","testNavigateToSauceSection[Browser: yandex]","testNavigateToSauceSection[Browser: yandex]","Переход к разделу 'Соусы'"
"passed","Sat May 17 16:09:13 MSK 2025","Sat May 17 16:09:21 MSK 2025","7540","","ProfileNavigationTest","","ProfileNavigationTest","navigateFromProfileToConstructor[Browser: chrome]","navigateFromProfileToConstructor[Browser: chrome]","Переход из профиля в конструктор через кнопку 'Конструктор'"
"passed","Sat May 17 16:07:23 MSK 2025","Sat May 17 16:07:34 MSK 2025","10282","","LoginTests","","LoginTests","loginViaRegisterPage[Browser: chrome]","loginViaRegisterPage[Browser: chrome]","Вход в систему через кнопку «Войти» на странице регистрации"
"passed","Sat May 17 16:07:46 MSK 2025","Sat May 17 16:07:53 MSK 2025","7438","","LoginTests","","LoginTests","loginViaMainLoginButton[Browser: chrome]","loginViaMainLoginButton[Browser: chrome]","Вход в систему через кнопку «Войти в аккаунт» на главной странице"
"passed","Sat May 17 16:06:36 MSK 2025","Sat May 17 16:06:47 MSK 2025","10961","","HomeNavigationTest","","HomeNavigationTest","testNavigateToFillingSection[Browser: yandex]","testNavigateToFillingSection[Browser: yandex]","Переход к разделу 'Начинки'"
"passed","Sat May 17 16:06:47 MSK 2025","Sat May 17 16:06:58 MSK 2025","11189","","HomeNavigationTest","","HomeNavigationTest","testNavigateToPersonalAccount[Browser: yandex]","testNavigateToPersonalAccount[Browser: yandex]","Переход с главной страницы в личный кабинет по клику на 'Личный кабинет'"
"passed","Sat May 17 16:08:04 MSK 2025","Sat May 17 16:08:17 MSK 2025","13187","","LoginTests","","LoginTests","loginViaRegisterPage[Browser: yandex]","loginViaRegisterPage[Browser: yandex]","Вход в систему через кнопку «Войти» на странице регистрации"
"passed","Sat May 17 16:09:54 MSK 2025","Sat May 17 16:10:05 MSK 2025","11128","","ProfileNavigationTest","","ProfileNavigationTest","navigateFromProfileToConstructor[Browser: yandex]","navigateFromProfileToConstructor[Browser: yandex]","Переход из профиля в конструктор через кнопку 'Конструктор'"
"passed","Sat May 17 16:10:05 MSK 2025","Sat May 17 16:10:11 MSK 2025","6098","","RegisterTests","","RegisterTests","registerNewUser[Browser: chrome]","registerNewUser[Browser: chrome]","Регистрация пользователя с уникальными данными"
"passed","Sat May 17 16:09:21 MSK 2025","Sat May 17 16:09:38 MSK 2025","17538","","ProfileNavigationTest","","ProfileNavigationTest","navigateFromProfileToConstructorViaLogo[Browser: yandex]","navigateFromProfileToConstructorViaLogo[Browser: yandex]","Переход из профиля в конструктор через клик по логотипу"
"passed","Sat May 17 16:06:09 MSK 2025","Sat May 17 16:06:20 MSK 2025","10501","","HomeNavigationTest","","HomeNavigationTest","testNavigateToPersonalAccount[Browser: chrome]","testNavigateToPersonalAccount[Browser: chrome]","Переход с главной страницы в личный кабинет по клику на 'Личный кабинет'"
"passed","Sat May 17 16:08:46 MSK 2025","Sat May 17 16:08:58 MSK 2025","11504","","LoginTests","","LoginTests","loginViaForgotPasswordPage[Browser: yandex]","loginViaForgotPasswordPage[Browser: yandex]","Вход в систему через кнопку «Войти» на странице восстановления пароля"
"passed","Sat May 17 16:06:27 MSK 2025","Sat May 17 16:06:36 MSK 2025","9440","","HomeNavigationTest","","HomeNavigationTest","testNavigateToBunSection[Browser: chrome]","testNavigateToBunSection[Browser: chrome]","Переход к разделу 'Булки'"
"passed","Sat May 17 16:07:11 MSK 2025","Sat May 17 16:07:23 MSK 2025","12432","","HomeNavigationTest","","HomeNavigationTest","testNavigateToBunSection[Browser: yandex]","testNavigateToBunSection[Browser: yandex]","Переход к разделу 'Булки'"
"passed","Sat May 17 16:09:38 MSK 2025","Sat May 17 16:09:54 MSK 2025","15343","","ProfileNavigationTest","","ProfileNavigationTest","logoutFromProfile[Browser: yandex]","logoutFromProfile[Browser: yandex]","Выход из аккаунта через кнопку 'Выйти' в личном кабинете"
